rank,feature,mean_abs_shap
1,precip_mm,0.2598006658430874
2,latitude,0.0
3,last_updated_epoch,0.0
4,temperature_celsius,0.0
5,wind_kph,0.0
6,longitude,0.0
7,wind_degree,0.0
8,pressure_mb,0.0
9,humidity,0.0
10,cloud,0.0
11,feels_like_celsius,0.0
12,visibility_km,0.0
13,uv_index,0.0
14,gust_kph,0.0
15,air_quality_Carbon_Monoxide,0.0
16,air_quality_Ozone,0.0
17,air_quality_Nitrogen_dioxide,0.0
18,air_quality_Sulphur_dioxide,0.0
19,air_quality_PM2.5,0.0
20,air_quality_PM10,0.0
21,air_quality_us-epa-index,0.0
22,air_quality_gb-defra-index,0.0
23,moon_illumination,0.0
24,year,0.0
25,month,0.0
26,day,0.0
27,hour,0.0
28,minute,0.0
29,second,0.0
30,day_of_week,0.0
31,week_of_year,0.0
32,quarter,0.0
33,day_of_year,0.0
34,days_in_month,0.0
35,is_weekend,0.0
36,is_weekday,0.0
37,is_month_start,0.0
38,is_month_end,0.0
39,is_quarter_start,0.0
40,is_quarter_end,0.0
41,is_year_start,0.0
42,is_year_end,0.0
43,is_leap_year,0.0
44,is_midnight,0.0
45,is_dawn,0.0
46,is_morning,0.0
47,is_afternoon,0.0
48,is_evening,0.0
49,is_night,0.0
50,business_hours,0.0
51,working_day,0.0
52,month_sin,0.0
53,month_cos,0.0
54,day_of_year_sin,0.0
55,day_of_year_cos,0.0
56,week_of_year_sin,0.0
57,week_of_year_cos,0.0
58,hour_sin,0.0
59,hour_cos,0.0
60,minute_sin,0.0
61,minute_cos,0.0
62,uv_alert,0.0
