Feature,Importance
rain_flag,5.3348806492967995
precipitation,1.1513219888469604
cloud_cover,0.5125247907690514
cumulative_rainfall,0.18084297359171947
pm_ratio,0.09189307254446485
fog_indicator,0.08589955682642156
low_visibility_alert,0.08343605799831862
feels_like_diff,0.08203066995150018
rain_rolling_7d,0.051350060534935536
air_quality_alert,0.04263621109983834
ozone,0.04194181772293428
longitude,0.04086370966874889
temp_rolling_7d,0.040042505208704
humidity,0.03623858838747818
month,0.03224381107245463
pressure,0.03126963935097999
dew_point,0.03079754003238992
nitrogen_dioxide,0.030288890124498747
air_quality_us-epa-index,0.03016351943834608
comfort_index,0.02594743311774322
visibility,0.024851348220159844
year,0.02404321481696576
uv_index,0.023441060348150092
moon_illumination,0.022977793371889748
carbon_monoxide,0.020783143467596292
latitude,0.017359388827548325
hour,0.015062119819094335
is_weekend,0.014193829258841438
wind_severity,0.012530380093944138
sulphur_dioxide,0.01168663700013101
wind_mph,0.01166009095504984
gust_difference,0.009242278373665426
wind_degree,0.009227146010192568
day_of_week,0.008309721092142638
air_quality_gb-defra-index,0.0076833628821828814
is_monsoon,0.007359901523517103
pm2_5,0.007158087771789058
day,0.0053970191520681795
pm10,0.003661802463683835
temp_trend,0.0015766187249385039
gust_mph,0.0008228584070227598
temperature,0.00021653213730425842
